{
  "identifier": "plugins",
  "description": "",
  "local": true,
  "windows": ["main"],
  "permissions": [
    "dialog:allow-open",
    "dialog:allow-confirm",
    "opener:default",
    "os:allow-platform",
    "os:allow-version",
    "os:allow-os-type",
    "os:allow-family",
    "os:allow-arch",
    "os:allow-exe-extension",
    "os:allow-locale",
    "os:allow-hostname",
    "deep-link:default",
    "window-state:default",
    "window-state:allow-restore-state",
    "window-state:allow-save-window-state",
    
    {
      "identifier": "http:default",
      "allow": [
        { "url": "https://modrinth.com/*" },
        { "url": "https://*.modrinth.com/*" }
      ]
    },

    "auth:default",
    "import:default",
    "jre:default",
    "logs:default",
    "metadata:default",
    "minecraft-skins:default",
    "mr-auth:default",
    "profile-create:default",
    "pack:default",
    "process:default",
    "profile:default",
    "cache:default",
    "settings:default",
    "tags:default",
    "utils:default",
    "ads:default",
    "friends:default",
    "worlds:default"
  ]
}
