<?xml version="1.0" encoding="UTF-8"?>
<OpenSearchDescription xmlns="http://a9.com/-/spec/opensearch/1.1/" xmlns:moz="http://www.mozilla.org/2006/browser/search/">
  <ShortName>Modrinth mods</ShortName>
  <Description>Search for mods on Modrinth, the open source modding platform.</Description>
  <InputEncoding>UTF-8</InputEncoding>
  <Image width="16" height="16" type="image/x-icon">https://modrinth.com/favicon.ico</Image>
  <Url type="text/html" method="get" template="https://modrinth.com/mods?q={searchTerms}"/>
  <Developer>Rinth, Inc.</Developer>
  <Attribution>Rinth, Inc.</Attribution>
  <moz:SearchForm>https://modrinth.com/mods</moz:SearchForm>
</OpenSearchDescription>
